{"cameraMode":{"drawMode":0,"name":"Shaded","section":"Shading Mode"},"sceneLighting":true,"audioPlay":false,"sceneViewState":{"m_AlwaysRefresh":false,"showFog":true,"showSkybox":true,"showFlares":true,"showImageEffects":true,"showParticleSystems":true,"showVisualEffectGraphs":true,"m_FxEnabled":true},"in2DMode":false,"pivot":{"x":-22.71938133239746,"y":1.0744469165802003,"z":-16.411455154418947},"rotation":{"x":-0.25186973810195925,"y":0.5636999011039734,"z":-0.18577922880649568,"w":-0.764428973197937},"size":0.034065376967191699,"orthographic":false}